"timestamp","date","NO2","VOC","pm10","pm25","NO2AQI","VOCAQI","pm10AQI","pm25AQI","pm1","pm1AQI","latitude","longitude"
1588422830,"2020-05-02 12:33:50",0,92,13.634116,2,0,7,14,4,1,3,37.389154,-5.985604
1588423370,"2020-05-02 12:42:50",10,65,3.102803,2,9,5,3,4,1,3,37.389134,-5.985577
1588425289,"2020-05-02 13:14:49",0,85,3,2,0,7,3,4,1,3,37.389142,-5.98561
1588427449,"2020-05-02 13:50:49",24,151,3,2,24,12,3,4,1,3,37.389159,-5.985606
1588428470,"2020-05-02 14:07:50",17,158,3,2,16,13,3,4,1,3,37.389159,-5.985606
1588428769,"2020-05-02 14:12:49",17,168,3,2,16,13,3,4,1,3,37.389159,-5.985606
1588433090,"2020-05-02 15:24:50",20,165,3,2,19,13,3,4,1,3,37.389143,-5.985612
1588433270,"2020-05-02 15:27:50",21,164,3,2,20,13,3,4,1,3,37.389146,-5.98562
1588434110,"2020-05-02 15:41:50",19,179,3,2,18,14,3,4,1,3,37.389146,-5.98562
1588435490,"2020-05-02 16:04:50",16,177,3,2,15,14,3,4,1,3,37.389146,-5.98562
1588435790,"2020-05-02 16:09:50",17,172,3,2,16,14,3,4,1,3,37.389144,-5.985622
1588436629,"2020-05-02 16:23:49",17,169,3,2,16,14,3,4,1,3,37.389142,-5.985609
1588437050,"2020-05-02 16:30:50",19,168,9.9322605,2,18,13,10,4,1,3,37.38914,-5.985599
1588437350,"2020-05-02 16:35:50",19,167,3,2,18,13,3,4,1,3,37.389153,-5.985594
1588437710,"2020-05-02 16:41:50",20,171,3,2,19,14,3,4,1,3,37.389142,-5.985602
1588438610,"2020-05-02 16:56:50",20,172,3,2,19,14,3,4,1,3,37.389122,-5.985536
1588438910,"2020-05-02 17:01:50",21,175,3,2,19,14,3,4,1,3,37.389144,-5.985602
1588438970,"2020-05-02 17:02:50",19,176,3,2,18,14,3,4,1,3,37.389114,-5.984745
1588439450,"2020-05-02 17:10:50",21,181,3,2,20,14,3,4,1,3,37.389142,-5.985611
1588440410,"2020-05-02 17:26:50",18,181,3,2,17,14,3,4,1,3,37.389143,-5.985613
1588441370,"2020-05-02 17:42:50",0,0,21.00435,2,0,0,21,4,1,3,37.389145,-5.985615
1588443470,"2020-05-02 18:17:50",23,196,3.039061,2,23,16,3,4,1,3,37.389158,-5.98562
1588443831,"2020-05-02 18:23:51",16,187,3,2,15,15,3,4,1,3,37.388892,-5.986339
1588443891,"2020-05-02 18:24:51",20,163,3,2,19,13,3,4,1,3,37.388652,-5.986451
1588444311,"2020-05-02 18:31:51",26,144,3,2,26,12,3,4,1,3,37.384357,-5.986728
1588444371,"2020-05-02 18:32:51",28,133,3,2,30,11,3,4,1,3,37.384487,-5.987587
1588444430,"2020-05-02 18:33:50",29,132,3,2,31,11,3,4,1,3,37.384239,-5.987846
1588444490,"2020-05-02 18:34:50",30,132,3,2,32,11,3,4,1,3,37.383601,-5.988282
1588444670,"2020-05-02 18:37:50",25,146,3,2,25,12,3,4,1,3,37.382663,-5.98796
1588444730,"2020-05-02 18:38:50",27,151,3,2,29,12,3,4,1,3,37.382143,-5.988675
1588444850,"2020-05-02 18:40:50",27,141,3.8689013,2,28,11,4,4,1,3,37.381668,-5.989223
1588444910,"2020-05-02 18:41:50",30,139,4.10464,2,33,11,4,4,1,3,37.381562,-5.989851
1588444970,"2020-05-02 18:42:50",30,131,5.8389263,2,33,10,6,4,1,3,37.381732,-5.990368
1588445390,"2020-05-02 18:49:50",29,128,3,2,31,10,3,4,1,3,37.384273,-5.992365
1588445510,"2020-05-02 18:51:50",0,131,40.38415,3.6052866,0,10,40,7,1,3,37.384619,-5.992426
1588445810,"2020-05-02 18:56:50",0,0,19.465946,2,0,0,19,4,1,3,37.385035,-5.99224
1588446050,"2020-05-02 19:00:50",28,132,4.1289988,2,30,11,4,4,1,3,37.386966,-5.992991
1588446110,"2020-05-02 19:01:50",27,139,3,2,29,11,3,4,1,3,37.387402,-5.993069
1588446230,"2020-05-02 19:03:50",27,133,3,2,29,11,3,4,1,3,37.388208,-5.993454
1588446290,"2020-05-02 19:04:50",29,132,3,2,31,11,3,4,1,3,37.388763,-5.9933
1588446350,"2020-05-02 19:05:50",28,129,3,2,30,10,3,4,1,3,37.389183,-5.993188
1588446410,"2020-05-02 19:06:50",30,136,14.91268,2,33,11,15,4,1,3,37.389496,-5.993141
1588446470,"2020-05-02 19:07:50",28,135,3,2,29,11,3,4,1,3,37.390017,-5.993172
1588446530,"2020-05-02 19:08:50",30,132,8.156822,2,33,11,8,4,1,3,37.390293,-5.993583
1588446710,"2020-05-02 19:11:50",31,132,3,2,33,11,3,4,1,3,37.391399,-5.993469
1588446831,"2020-05-02 19:13:51",29,137,3,2,31,11,3,4,1,3,37.391182,-5.992245
1588446891,"2020-05-02 19:14:51",29,137,3,2,31,11,3,4,1,3,37.391238,-5.99191
1588447371,"2020-05-02 19:22:51",32,138,3,2,36,11,3,4,1,3,37.38969,-5.986979
1588447431,"2020-05-02 19:23:51",31,138,3,2,33,11,3,4,1,3,37.389733,-5.986636
1588447490,"2020-05-02 19:24:50",34,139,3,2,38,11,3,4,1,3,37.389774,-5.986093
1588447550,"2020-05-02 19:25:50",33,136,3,2,37,11,3,4,1,3,37.389374,-5.985662
1588447730,"2020-05-02 19:28:50",34,115,3,2,38,9,3,4,1,3,37.388975,-5.985895
1588422830,"2020-05-02 12:33:50",0,92,13.634116,2,0,7,14,4,1,3,37.389154,-5.985604
1588423370,"2020-05-02 12:42:50",10,65,3.102803,2,9,5,3,4,1,3,37.389134,-5.985577
1588425289,"2020-05-02 13:14:49",0,85,3,2,0,7,3,4,1,3,37.389142,-5.98561
1588427449,"2020-05-02 13:50:49",24,151,3,2,24,12,3,4,1,3,37.389159,-5.985606
1588428470,"2020-05-02 14:07:50",17,158,3,2,16,13,3,4,1,3,37.389159,-5.985606
1588428769,"2020-05-02 14:12:49",17,168,3,2,16,13,3,4,1,3,37.389159,-5.985606
1588433090,"2020-05-02 15:24:50",20,165,3,2,19,13,3,4,1,3,37.389143,-5.985612
1588433270,"2020-05-02 15:27:50",21,164,3,2,20,13,3,4,1,3,37.389146,-5.98562
1588434110,"2020-05-02 15:41:50",19,179,3,2,18,14,3,4,1,3,37.389146,-5.98562
1588435490,"2020-05-02 16:04:50",16,177,3,2,15,14,3,4,1,3,37.389146,-5.98562
1588435790,"2020-05-02 16:09:50",17,172,3,2,16,14,3,4,1,3,37.389144,-5.985622
1588436629,"2020-05-02 16:23:49",17,169,3,2,16,14,3,4,1,3,37.389142,-5.985609
1588437050,"2020-05-02 16:30:50",19,168,9.9322605,2,18,13,10,4,1,3,37.38914,-5.985599
1588437350,"2020-05-02 16:35:50",19,167,3,2,18,13,3,4,1,3,37.389153,-5.985594
1588437710,"2020-05-02 16:41:50",20,171,3,2,19,14,3,4,1,3,37.389142,-5.985602
1588438610,"2020-05-02 16:56:50",20,172,3,2,19,14,3,4,1,3,37.389122,-5.985536
1588438910,"2020-05-02 17:01:50",21,175,3,2,19,14,3,4,1,3,37.389144,-5.985602
1588438970,"2020-05-02 17:02:50",19,176,3,2,18,14,3,4,1,3,37.389114,-5.984745
1588439450,"2020-05-02 17:10:50",21,181,3,2,20,14,3,4,1,3,37.389142,-5.985611
1588440410,"2020-05-02 17:26:50",18,181,3,2,17,14,3,4,1,3,37.389143,-5.985613
1588441370,"2020-05-02 17:42:50",0,0,21.00435,2,0,0,21,4,1,3,37.389145,-5.985615
1588443470,"2020-05-02 18:17:50",23,196,3.039061,2,23,16,3,4,1,3,37.389158,-5.98562
1588443831,"2020-05-02 18:23:51",16,187,3,2,15,15,3,4,1,3,37.388892,-5.986339
1588443891,"2020-05-02 18:24:51",20,163,3,2,19,13,3,4,1,3,37.388652,-5.986451
1588444311,"2020-05-02 18:31:51",26,144,3,2,26,12,3,4,1,3,37.384357,-5.986728
1588444371,"2020-05-02 18:32:51",28,133,3,2,30,11,3,4,1,3,37.384487,-5.987587
1588444430,"2020-05-02 18:33:50",29,132,3,2,31,11,3,4,1,3,37.384239,-5.987846
1588444490,"2020-05-02 18:34:50",30,132,3,2,32,11,3,4,1,3,37.383601,-5.988282
1588444670,"2020-05-02 18:37:50",25,146,3,2,25,12,3,4,1,3,37.382663,-5.98796
1588444730,"2020-05-02 18:38:50",27,151,3,2,29,12,3,4,1,3,37.382143,-5.988675
1588444850,"2020-05-02 18:40:50",27,141,3.8689013,2,28,11,4,4,1,3,37.381668,-5.989223
1588444910,"2020-05-02 18:41:50",30,139,4.10464,2,33,11,4,4,1,3,37.381562,-5.989851
1588444970,"2020-05-02 18:42:50",30,131,5.8389263,2,33,10,6,4,1,3,37.381732,-5.990368
1588445390,"2020-05-02 18:49:50",29,128,3,2,31,10,3,4,1,3,37.384273,-5.992365
1588445510,"2020-05-02 18:51:50",0,131,40.38415,3.6052866,0,10,40,7,1,3,37.384619,-5.992426
1588445810,"2020-05-02 18:56:50",0,0,19.465946,2,0,0,19,4,1,3,37.385035,-5.99224
1588446050,"2020-05-02 19:00:50",28,132,4.1289988,2,30,11,4,4,1,3,37.386966,-5.992991
1588446110,"2020-05-02 19:01:50",27,139,3,2,29,11,3,4,1,3,37.387402,-5.993069
1588446230,"2020-05-02 19:03:50",27,133,3,2,29,11,3,4,1,3,37.388208,-5.993454
1588446290,"2020-05-02 19:04:50",29,132,3,2,31,11,3,4,1,3,37.388763,-5.9933
1588446350,"2020-05-02 19:05:50",28,129,3,2,30,10,3,4,1,3,37.389183,-5.993188
1588446410,"2020-05-02 19:06:50",30,136,14.91268,2,33,11,15,4,1,3,37.389496,-5.993141
1588446470,"2020-05-02 19:07:50",28,135,3,2,29,11,3,4,1,3,37.390017,-5.993172
1588446530,"2020-05-02 19:08:50",30,132,8.156822,2,33,11,8,4,1,3,37.390293,-5.993583
1588446710,"2020-05-02 19:11:50",31,132,3,2,33,11,3,4,1,3,37.391399,-5.993469
1588446831,"2020-05-02 19:13:51",29,137,3,2,31,11,3,4,1,3,37.391182,-5.992245
1588446891,"2020-05-02 19:14:51",29,137,3,2,31,11,3,4,1,3,37.391238,-5.99191
1588447371,"2020-05-02 19:22:51",32,138,3,2,36,11,3,4,1,3,37.38969,-5.986979
1588447431,"2020-05-02 19:23:51",31,138,3,2,33,11,3,4,1,3,37.389733,-5.986636
1588447490,"2020-05-02 19:24:50",34,139,3,2,38,11,3,4,1,3,37.389774,-5.986093
1588447550,"2020-05-02 19:25:50",33,136,3,2,37,11,3,4,1,3,37.389374,-5.985662
1588447730,"2020-05-02 19:28:50",34,115,3,2,38,9,3,4,1,3,37.388975,-5.985895
1588875979,"2020-05-07 18:26:19",0,203,27.503456,2.2410307,0,16,28,4,1,3,37.389137,-5.985669
1588876099,"2020-05-07 18:28:19",0,168,3,2,0,13,3,4,1,3,37.389417,-5.985398
1588876279,"2020-05-07 18:31:19",0,132,3,2,0,11,3,4,1,3,37.389451,-5.984387
1588877538,"2020-05-07 18:52:18",0,111,20.510025,3.803751,0,9,21,8,1,3,37.380391,-5.981251
1588877598,"2020-05-07 18:53:18",63,118,5.658596,2,66,9,6,4,1,3,37.381258,-5.981633
1588877658,"2020-05-07 18:54:18",64,120,3,2,67,10,3,4,1,3,37.381284,-5.982188
1588877718,"2020-05-07 18:55:18",62,108,13.220678,2,65,9,13,4,1,3,37.381716,-5.982867
1588877778,"2020-05-07 18:56:18",64,112,12.598611,2,67,9,13,4,1,3,37.382017,-5.982956
1588877898,"2020-05-07 18:58:18",61,115,3,2,65,9,3,4,1,3,37.382596,-5.983648
1588878018,"2020-05-07 19:00:18",0,103,51.259117,3.947421,0,8,52,8,1,3,37.384069,-5.984067
1588878079,"2020-05-07 19:01:19",0,0,3,2,0,0,3,4,1,3,37.384403,-5.984154
1588878139,"2020-05-07 19:02:19",0,110,3,2,0,9,3,4,1,3,37.384721,-5.984016
1588878199,"2020-05-07 19:03:19",0,101,9.199528,2,0,8,9,4,1,3,37.38541,-5.983917
1588878259,"2020-05-07 19:04:19",0,86,19.792366,2.153679,0,7,20,4,1,3,37.385813,-5.983645
1588878319,"2020-05-07 19:05:19",0,86,36.93524,4.145933,0,7,37,8,1,3,37.386578,-5.98369
1588878379,"2020-05-07 19:06:19",0,95,6.3845243,2,0,8,6,4,1,3,37.386689,-5.984343
1588878799,"2020-05-07 19:13:19",0,93,3,2,0,7,3,4,1,3,37.389146,-5.985672
1588879099,"2020-05-07 19:18:19",0,128,5.333523,2,0,10,5,4,1,3,37.389162,-5.985627
1588879159,"2020-05-07 19:19:19",0,128,48.850082,6.8461514,0,10,49,14,1,3,37.389063,-5.98551
1588880059,"2020-05-07 19:34:19",0,140,87.64804,6.8009386,0,11,105,14,1,3,37.389153,-5.985621
1588881079,"2020-05-07 19:51:19",0,145,3,2,0,12,3,4,1,3,37.389153,-5.985621
1588881439,"2020-05-07 19:57:19",0,149,5.493913,2,0,12,5,4,1,3,37.389153,-5.985621
1588422830,"2020-05-02 12:33:50",0,92,13.634116,2,0,7,14,4,1,3,37.389154,-5.985604
1588423370,"2020-05-02 12:42:50",10,65,3.102803,2,9,5,3,4,1,3,37.389134,-5.985577
1588425289,"2020-05-02 13:14:49",0,85,3,2,0,7,3,4,1,3,37.389142,-5.98561
1588427449,"2020-05-02 13:50:49",24,151,3,2,24,12,3,4,1,3,37.389159,-5.985606
1588428470,"2020-05-02 14:07:50",17,158,3,2,16,13,3,4,1,3,37.389159,-5.985606
1588428769,"2020-05-02 14:12:49",17,168,3,2,16,13,3,4,1,3,37.389159,-5.985606
1588433090,"2020-05-02 15:24:50",20,165,3,2,19,13,3,4,1,3,37.389143,-5.985612
1588433270,"2020-05-02 15:27:50",21,164,3,2,20,13,3,4,1,3,37.389146,-5.98562
1588434110,"2020-05-02 15:41:50",19,179,3,2,18,14,3,4,1,3,37.389146,-5.98562
1588435490,"2020-05-02 16:04:50",16,177,3,2,15,14,3,4,1,3,37.389146,-5.98562
1588435790,"2020-05-02 16:09:50",17,172,3,2,16,14,3,4,1,3,37.389144,-5.985622
1588436629,"2020-05-02 16:23:49",17,169,3,2,16,14,3,4,1,3,37.389142,-5.985609
1588437050,"2020-05-02 16:30:50",19,168,9.9322605,2,18,13,10,4,1,3,37.38914,-5.985599
1588437350,"2020-05-02 16:35:50",19,167,3,2,18,13,3,4,1,3,37.389153,-5.985594
1588437710,"2020-05-02 16:41:50",20,171,3,2,19,14,3,4,1,3,37.389142,-5.985602
1588438610,"2020-05-02 16:56:50",20,172,3,2,19,14,3,4,1,3,37.389122,-5.985536
1588438910,"2020-05-02 17:01:50",21,175,3,2,19,14,3,4,1,3,37.389144,-5.985602
1588438970,"2020-05-02 17:02:50",19,176,3,2,18,14,3,4,1,3,37.389114,-5.984745
1588439450,"2020-05-02 17:10:50",21,181,3,2,20,14,3,4,1,3,37.389142,-5.985611
1588440410,"2020-05-02 17:26:50",18,181,3,2,17,14,3,4,1,3,37.389143,-5.985613
1588441370,"2020-05-02 17:42:50",0,0,21.00435,2,0,0,21,4,1,3,37.389145,-5.985615
1588443470,"2020-05-02 18:17:50",23,196,3.039061,2,23,16,3,4,1,3,37.389158,-5.98562
1588443831,"2020-05-02 18:23:51",16,187,3,2,15,15,3,4,1,3,37.388892,-5.986339
1588443891,"2020-05-02 18:24:51",20,163,3,2,19,13,3,4,1,3,37.388652,-5.986451
1588444311,"2020-05-02 18:31:51",26,144,3,2,26,12,3,4,1,3,37.384357,-5.986728
1588444371,"2020-05-02 18:32:51",28,133,3,2,30,11,3,4,1,3,37.384487,-5.987587
1588444430,"2020-05-02 18:33:50",29,132,3,2,31,11,3,4,1,3,37.384239,-5.987846
1588444490,"2020-05-02 18:34:50",30,132,3,2,32,11,3,4,1,3,37.383601,-5.988282
1588444670,"2020-05-02 18:37:50",25,146,3,2,25,12,3,4,1,3,37.382663,-5.98796
1588444730,"2020-05-02 18:38:50",27,151,3,2,29,12,3,4,1,3,37.382143,-5.988675
1588444850,"2020-05-02 18:40:50",27,141,3.8689013,2,28,11,4,4,1,3,37.381668,-5.989223
1588444910,"2020-05-02 18:41:50",30,139,4.10464,2,33,11,4,4,1,3,37.381562,-5.989851
1588444970,"2020-05-02 18:42:50",30,131,5.8389263,2,33,10,6,4,1,3,37.381732,-5.990368
1588445390,"2020-05-02 18:49:50",29,128,3,2,31,10,3,4,1,3,37.384273,-5.992365
1588445510,"2020-05-02 18:51:50",0,131,40.38415,3.6052866,0,10,40,7,1,3,37.384619,-5.992426
1588445810,"2020-05-02 18:56:50",0,0,19.465946,2,0,0,19,4,1,3,37.385035,-5.99224
1588446050,"2020-05-02 19:00:50",28,132,4.1289988,2,30,11,4,4,1,3,37.386966,-5.992991
1588446110,"2020-05-02 19:01:50",27,139,3,2,29,11,3,4,1,3,37.387402,-5.993069
1588446230,"2020-05-02 19:03:50",27,133,3,2,29,11,3,4,1,3,37.388208,-5.993454
1588446290,"2020-05-02 19:04:50",29,132,3,2,31,11,3,4,1,3,37.388763,-5.9933
1588446350,"2020-05-02 19:05:50",28,129,3,2,30,10,3,4,1,3,37.389183,-5.993188
1588446410,"2020-05-02 19:06:50",30,136,14.91268,2,33,11,15,4,1,3,37.389496,-5.993141
1588446470,"2020-05-02 19:07:50",28,135,3,2,29,11,3,4,1,3,37.390017,-5.993172
1588446530,"2020-05-02 19:08:50",30,132,8.156822,2,33,11,8,4,1,3,37.390293,-5.993583
1588446710,"2020-05-02 19:11:50",31,132,3,2,33,11,3,4,1,3,37.391399,-5.993469
1588446831,"2020-05-02 19:13:51",29,137,3,2,31,11,3,4,1,3,37.391182,-5.992245
1588446891,"2020-05-02 19:14:51",29,137,3,2,31,11,3,4,1,3,37.391238,-5.99191
1588447371,"2020-05-02 19:22:51",32,138,3,2,36,11,3,4,1,3,37.38969,-5.986979
1588447431,"2020-05-02 19:23:51",31,138,3,2,33,11,3,4,1,3,37.389733,-5.986636
1588447490,"2020-05-02 19:24:50",34,139,3,2,38,11,3,4,1,3,37.389774,-5.986093
1588447550,"2020-05-02 19:25:50",33,136,3,2,37,11,3,4,1,3,37.389374,-5.985662
1588447730,"2020-05-02 19:28:50",34,115,3,2,38,9,3,4,1,3,37.388975,-5.985895
1588875979,"2020-05-07 18:26:19",0,203,27.503456,2.2410307,0,16,28,4,1,3,37.389137,-5.985669
1588876099,"2020-05-07 18:28:19",0,168,3,2,0,13,3,4,1,3,37.389417,-5.985398
1588876279,"2020-05-07 18:31:19",0,132,3,2,0,11,3,4,1,3,37.389451,-5.984387
1588877538,"2020-05-07 18:52:18",0,111,20.510025,3.803751,0,9,21,8,1,3,37.380391,-5.981251
1588877598,"2020-05-07 18:53:18",63,118,5.658596,2,66,9,6,4,1,3,37.381258,-5.981633
1588877658,"2020-05-07 18:54:18",64,120,3,2,67,10,3,4,1,3,37.381284,-5.982188
1588877718,"2020-05-07 18:55:18",62,108,13.220678,2,65,9,13,4,1,3,37.381716,-5.982867
1588877778,"2020-05-07 18:56:18",64,112,12.598611,2,67,9,13,4,1,3,37.382017,-5.982956
1588877898,"2020-05-07 18:58:18",61,115,3,2,65,9,3,4,1,3,37.382596,-5.983648
1588878018,"2020-05-07 19:00:18",0,103,51.259117,3.947421,0,8,52,8,1,3,37.384069,-5.984067
1588878079,"2020-05-07 19:01:19",0,0,3,2,0,0,3,4,1,3,37.384403,-5.984154
1588878139,"2020-05-07 19:02:19",0,110,3,2,0,9,3,4,1,3,37.384721,-5.984016
1588878199,"2020-05-07 19:03:19",0,101,9.199528,2,0,8,9,4,1,3,37.38541,-5.983917
1588878259,"2020-05-07 19:04:19",0,86,19.792366,2.153679,0,7,20,4,1,3,37.385813,-5.983645
1588878319,"2020-05-07 19:05:19",0,86,36.93524,4.145933,0,7,37,8,1,3,37.386578,-5.98369
1588878379,"2020-05-07 19:06:19",0,95,6.3845243,2,0,8,6,4,1,3,37.386689,-5.984343
1588878799,"2020-05-07 19:13:19",0,93,3,2,0,7,3,4,1,3,37.389146,-5.985672
1588879099,"2020-05-07 19:18:19",0,128,5.333523,2,0,10,5,4,1,3,37.389162,-5.985627
1588879159,"2020-05-07 19:19:19",0,128,48.850082,6.8461514,0,10,49,14,1,3,37.389063,-5.98551
1588880059,"2020-05-07 19:34:19",0,140,87.64804,6.8009386,0,11,105,14,1,3,37.389153,-5.985621
1588881079,"2020-05-07 19:51:19",0,145,3,2,0,12,3,4,1,3,37.389153,-5.985621
1588881439,"2020-05-07 19:57:19",0,149,5.493913,2,0,12,5,4,1,3,37.389153,-5.985621
1592122289,"2020-06-14 08:11:29",0,527,3,2,0,40,3,4,1,3,37.379366,-6.040404
1592123789,"2020-06-14 08:36:29",2,183,27.612423,2.0096483,1,15,28,4,1,3,37.380114,-6.040778
1592123849,"2020-06-14 08:37:29",5,244,32.285187,3.2039223,5,20,32,6,1,3,37.379045,-6.040364
1592123909,"2020-06-14 08:38:29",10,171,3,2,10,14,3,4,1,3,37.379544,-6.040908
1592123969,"2020-06-14 08:39:29",12,161,128.01555,13.13097,12,13,130,26,2,5,37.379786,-6.040892
1592124029,"2020-06-14 08:40:29",8,186,17.986622,2,7,15,18,4,1,3,37.378489,-6.041233
1592124089,"2020-06-14 08:41:29",6,199,3,2,6,16,3,4,1,3,37.38051,-6.036032
1592124149,"2020-06-14 08:42:29",7,184,4.243139,2,7,15,4,4,1,3,37.37728,-6.032007
1592124209,"2020-06-14 08:43:29",8,178,3,2,8,14,3,4,1,3,37.376338,-6.026731
1592124269,"2020-06-14 08:44:29",7,182,3,2,7,15,3,4,1,3,37.372763,-6.02822
1592124329,"2020-06-14 08:45:29",7,181,4.5989466,2,7,14,5,4,1,3,37.363652,-6.025053
1592124389,"2020-06-14 08:46:29",6,181,3,2,6,14,3,4,1,3,37.362372,-6.025494
1592124449,"2020-06-14 08:47:29",4,200,3,2,4,16,3,4,1,3,37.361391,-6.026226
1592124509,"2020-06-14 08:48:29",4,182,3,2,4,15,3,4,1,3,37.355783,-6.026694
1592124569,"2020-06-14 08:49:29",4,178,3.611763,2.041316,4,14,4,4,1,3,37.355161,-6.024416
1592124629,"2020-06-14 08:50:29",5,165,3,2,5,13,3,4,1,3,37.347565,-6.026423
1592124689,"2020-06-14 08:51:29",3,185,3,2,3,15,3,4,1,3,37.339051,-6.024455
1592124749,"2020-06-14 08:52:29",4,181,3,2,4,14,3,4,1,3,37.331955,-6.027066
1592124809,"2020-06-14 08:53:29",6,166,4.0221343,2.1030235,6,13,4,4,1,3,37.325913,-6.028816
1592124869,"2020-06-14 08:54:29",6,153,50.293053,4.223301,6,12,50,8,1,3,37.325017,-6.054187
1592124929,"2020-06-14 08:55:29",6,172,3,2,5,14,3,4,1,3,37.30756,-6.039451
1592124989,"2020-06-14 08:56:29",3,191,3,2,3,15,3,4,1,3,37.296509,-6.054271
1592125049,"2020-06-14 08:57:29",2,192,3,2,2,15,3,4,1,3,37.29206,-6.059203
1592125109,"2020-06-14 08:58:29",3,199,3,2,3,16,3,4,1,3,37.287622,-6.06166
1592125169,"2020-06-14 08:59:29",2,210,3,2,2,17,3,4,1,3,37.277315,-6.06272
1592125229,"2020-06-14 09:00:29",2,215,17.911129,2.0224886,2,17,18,4,1,3,37.270136,-6.064221
1592125289,"2020-06-14 09:01:29",0,224,3,2,0,18,3,4,1,3,37.267151,-6.065139
1592125349,"2020-06-14 09:02:29",0,212,3,2,0,17,3,4,1,3,37.266653,-6.062912
1592125409,"2020-06-14 09:03:29",0,209,3,2,0,17,3,4,1,3,37.265665,-6.062575
1592125469,"2020-06-14 09:04:29",3,155,14.792101,2,3,12,15,4,1,3,37.264395,-6.060791
1592125529,"2020-06-14 09:05:29",1,169,3,2,1,14,3,4,1,3,37.264834,-6.060129
1592125589,"2020-06-14 09:06:29",0,201,29.623722,2,0,16,30,4,1,3,37.265058,-6.060457
1592125649,"2020-06-14 09:07:29",5,141,3,2,4,11,3,4,1,3,37.264911,-6.059978
1592125709,"2020-06-14 09:08:29",5,161,22.38424,2,4,13,22,4,1,3,37.265792,-6.059547
1592125769,"2020-06-14 09:09:29",7,128,91.81651,4.6408997,7,10,107,9,1,3,37.266927,-6.060119
1592125829,"2020-06-14 09:10:29",12,128,48.37907,3.3039255,11,10,48,7,1,3,37.267704,-6.058848
1592125889,"2020-06-14 09:11:29",13,117,3,2,13,9,3,4,1,3,37.267981,-6.059811
1592125949,"2020-06-14 09:12:29",14,116,39.777107,2.7865906,14,9,40,6,1,3,37.268507,-6.058184
1592126009,"2020-06-14 09:13:29",18,109,25.091322,2.2620754,17,9,25,5,1,3,37.269764,-6.057469
1592126069,"2020-06-14 09:14:29",21,125,35.729935,3.006977,19,10,36,6,1,3,37.270236,-6.056905
1592126129,"2020-06-14 09:15:29",22,116,5.5980387,2,20,9,6,4,1,3,37.270781,-6.056392
1592126189,"2020-06-14 09:16:29",23,101,8.046911,2,23,8,8,4,1,3,37.271414,-6.056266
1592126249,"2020-06-14 09:17:29",28,83,73.719864,4.3856583,29,7,90,9,1,3,37.272719,-6.05546
1592126309,"2020-06-14 09:18:29",30,90,50.617756,2.746375,33,7,51,5,1,3,37.273136,-6.054734
1592126369,"2020-06-14 09:19:29",30,83,3,2,32,7,3,4,1,3,37.27363,-6.054321
1592126429,"2020-06-14 09:20:29",31,80,3.2191648,2,33,6,3,4,1,3,37.274682,-6.054179
1592126489,"2020-06-14 09:21:29",28,85,3,2,30,7,3,4,1,3,37.275086,-6.053831
1592126549,"2020-06-14 09:22:29",28,87,5.7815733,2,30,7,6,4,1,3,37.276377,-6.053241
1592126609,"2020-06-14 09:23:29",29,83,16.731413,2.1053123,31,7,17,4,1,3,37.276738,-6.052774
1592126669,"2020-06-14 09:24:29",31,78,43.54845,3.509345,33,6,44,7,1,3,37.277996,-6.052496
1592126729,"2020-06-14 09:25:29",31,78,3,2,33,6,3,4,1,3,37.278705,-6.052538
1592126789,"2020-06-14 09:26:29",29,79,3,2,31,6,3,4,1,3,37.279159,-6.052322
1592126849,"2020-06-14 09:27:29",28,78,3,2,30,6,3,4,1,3,37.279226,-6.051415
1592126909,"2020-06-14 09:28:29",31,75,3,2,33,6,3,4,1,3,37.279732,-6.050923
1592126969,"2020-06-14 09:29:29",29,89,25.312325,2.3340425,31,7,25,5,1,3,37.28015,-6.050636
1592127029,"2020-06-14 09:30:29",25,95,16.950493,2,26,8,17,4,1,3,37.28087,-6.050066
1592127089,"2020-06-14 09:31:29",25,95,3,2,26,8,3,4,1,3,37.28191,-6.049499
1592127149,"2020-06-14 09:32:29",24,90,6.232644,2,24,7,6,4,1,3,37.282598,-6.049071
1592127209,"2020-06-14 09:33:29",25,89,4.1275887,2,26,7,4,4,1,3,37.283774,-6.04923
1592127269,"2020-06-14 09:34:29",24,96,63.944103,5.4183197,24,8,73,11,1,3,37.283357,-6.049192
1592127329,"2020-06-14 09:35:29",29,90,3,2,30,7,3,4,1,3,37.2851,-6.049137
1592127389,"2020-06-14 09:36:29",29,92,3,2,30,7,3,4,1,3,37.285402,-6.048682
1592127449,"2020-06-14 09:37:29",27,95,90.683235,7.4417667,28,8,107,15,1,3,37.286704,-6.04842
1592127509,"2020-06-14 09:38:29",24,104,7.5356927,2,24,8,8,4,1,3,37.287682,-6.048296
1592127569,"2020-06-14 09:39:29",24,101,8.349967,2,24,8,8,4,1,3,37.288491,-6.047911
1592127629,"2020-06-14 09:40:29",24,104,3,2,24,8,3,4,1,3,37.289615,-6.047615
1592127689,"2020-06-14 09:41:29",21,104,21.703037,2,19,8,22,4,1,3,37.290039,-6.047522
1592127749,"2020-06-14 09:42:29",22,108,3,2,20,9,3,4,1,3,37.290837,-6.047337
1592127809,"2020-06-14 09:43:29",23,104,57.7412,3.6824837,23,8,63,7,1,3,37.290156,-6.047356
1592127869,"2020-06-14 09:44:29",23,96,3,2,23,8,3,4,1,3,37.292895,-6.046651
1592127929,"2020-06-14 09:45:29",23,111,70.10003,5.3973465,23,9,84,11,1,3,37.293618,-6.04646
1592127989,"2020-06-14 09:46:29",22,124,41.122322,2.7277794,21,10,41,5,1,3,37.294321,-6.045689
1592128049,"2020-06-14 09:47:29",21,116,11.304362,2,20,9,11,4,1,3,37.29461,-6.045573
1592128109,"2020-06-14 09:48:29",23,113,3,2,23,9,3,4,1,3,37.294351,-6.045961
1592128229,"2020-06-14 09:50:29",37,78,40.3097,2.1465569,43,6,40,4,1,3,37.2942,-6.045961
1592128289,"2020-06-14 09:51:29",0,64,55.17407,3.8481636,0,5,59,8,1,3,37.291187,-6.046561
1592128349,"2020-06-14 09:52:29",56,57,5.711361,2,61,5,6,4,1,3,37.293107,-6.046163
1592128409,"2020-06-14 09:53:29",62,58,19.583555,2,65,5,20,4,1,3,37.291839,-6.046913
1592128529,"2020-06-14 09:55:29",93,50,25.702793,2.0251951,90,4,26,4,1,3,37.29055,-6.047328
1592128589,"2020-06-14 09:56:29",97,49,29.84066,2.0371675,93,4,30,4,1,3,37.290389,-6.047014
1592128649,"2020-06-14 09:57:29",100,50,3,2,95,4,3,4,1,3,37.289007,-6.047753
1592128709,"2020-06-14 09:58:29",0,0,9.353737,2,0,0,9,4,1,3,37.288481,-6.047948
1592128769,"2020-06-14 09:59:29",69,0,3,2,70,0,3,4,1,3,37.287745,-6.048086
1592128829,"2020-06-14 10:00:29",69,56,28.879496,2,70,4,29,4,1,3,37.286833,-6.048403
1592128889,"2020-06-14 10:01:29",0,52,3,2,0,4,3,4,1,3,37.286105,-6.048548
1592128949,"2020-06-14 10:02:29",70,48,3,2,72,4,3,4,1,3,37.285197,-6.049103
1592129009,"2020-06-14 10:03:29",79,46,18.814983,2,78,4,19,4,1,3,37.283976,-6.046759
1592129069,"2020-06-14 10:04:29",92,49,3,2,89,4,3,4,1,3,37.284128,-6.048587
1592129129,"2020-06-14 10:05:29",79,49,47.37254,3.085822,78,4,47,6,1,3,37.282948,-6.049655
1592129189,"2020-06-14 10:06:29",86,48,3,2,84,4,3,4,1,3,37.282553,-6.049859
1592129249,"2020-06-14 10:07:29",95,50,3,2,91,4,3,4,1,3,37.28162,-6.04952
1592129309,"2020-06-14 10:08:29",103,50,3,2,97,4,3,4,1,3,37.28025,-6.050446
1592129369,"2020-06-14 10:09:29",104,46,18.340471,2,98,4,18,4,1,3,37.279533,-6.051126
1592129429,"2020-06-14 10:10:29",0,48,3,2,0,4,3,4,1,3,37.279834,-6.050813
1592129489,"2020-06-14 10:11:29",0,46,12.801331,2,0,4,13,4,1,3,37.279269,-6.052206
1592129549,"2020-06-14 10:12:29",49,50,105.90422,7.2864513,55,4,116,15,1,3,37.27901,-6.052391
1592129609,"2020-06-14 10:13:29",0,64,3,2,0,5,3,4,1,3,37.278658,-6.052435
1592129669,"2020-06-14 10:14:29",69,49,3,2,71,4,3,4,1,3,37.277415,-6.052358
1592129729,"2020-06-14 10:15:29",114,46,4.882458,2,104,4,5,4,1,3,37.276542,-6.052913
1592129789,"2020-06-14 10:16:29",89,53,3,2,87,4,3,4,1,3,37.276163,-6.053227
1592129849,"2020-06-14 10:17:29",59,57,3,2,63,5,3,4,1,3,37.275429,-6.053675
1592129909,"2020-06-14 10:18:29",55,59,3,2,59,5,3,4,1,3,37.274301,-6.054307
1592129969,"2020-06-14 10:19:29",50,61,7.731028,2,56,5,8,4,1,3,37.274091,-6.054534
1592130029,"2020-06-14 10:20:29",59,50,126.766014,11.721004,63,4,129,23,2,5,37.273291,-6.054523
1592130089,"2020-06-14 10:21:29",68,52,13.903837,2,70,4,14,4,1,3,37.271679,-6.056061
1592130209,"2020-06-14 10:23:29",56,63,125.09921,10.314415,60,5,128,21,1,3,37.27099,-6.05624
1592130269,"2020-06-14 10:24:29",62,52,3,2,65,4,3,4,1,3,37.270284,-6.056786
1592130329,"2020-06-14 10:25:29",64,61,30.552097,2.6523428,67,5,31,5,1,3,37.269603,-6.059203
1592130389,"2020-06-14 10:26:29",50,61,3,2,56,5,3,4,1,3,37.26769,-6.05987
1592130449,"2020-06-14 10:27:29",46,55,17.099655,2,53,4,17,4,1,3,37.268422,-6.058249
1592130509,"2020-06-14 10:28:29",43,68,50.7337,4.48363,50,5,51,9,1,3,37.267908,-6.059668
1592130569,"2020-06-14 10:29:29",58,52,3,2,62,4,3,4,1,3,37.267702,-6.058598
1592130629,"2020-06-14 10:30:29",62,57,69.43559,3.9702854,65,5,82,8,1,3,37.266153,-6.059038
1592130689,"2020-06-14 10:31:29",63,57,27.325256,2,66,5,27,4,1,3,37.265815,-6.059716
1592130749,"2020-06-14 10:32:29",58,58,66.35337,5.4003124,62,5,77,11,1,3,37.264825,-6.059943
1592130809,"2020-06-14 10:33:29",53,63,19.370703,2,58,5,19,4,1,3,37.264604,-6.060346
1592130869,"2020-06-14 10:34:29",65,49,10.716121,2,68,4,11,4,1,3,37.263541,-6.060781
1592130929,"2020-06-14 10:35:29",99,49,3,2,94,4,3,4,1,3,37.263013,-6.060729
1592130989,"2020-06-14 10:36:29",133,45,10.498478,2,113,4,10,4,1,3,37.262012,-6.061178
1592131049,"2020-06-14 10:37:29",145,44,3,2,118,4,3,4,1,3,37.261572,-6.061199
1592131109,"2020-06-14 10:38:29",120,44,32.51396,2.4658184,107,4,33,5,1,3,37.26074,-6.06169
1592131169,"2020-06-14 10:39:29",90,50,3,2,87,4,3,4,1,3,37.260438,-6.062221
1592131229,"2020-06-14 10:40:29",56,60,16.751835,2,60,5,17,4,1,3,37.260237,-6.063409
1592131289,"2020-06-14 10:41:29",45,53,3,2,52,4,3,4,1,3,37.259733,-6.063589
1592131349,"2020-06-14 10:42:29",88,46,3,2,86,4,3,4,1,3,37.259177,-6.063675
1592131409,"2020-06-14 10:43:29",136,46,3,2,114,4,3,4,1,3,37.258654,-6.063806
1592131469,"2020-06-14 10:44:29",146,51,3,2,119,4,3,4,1,3,37.257813,-6.064135
1592131529,"2020-06-14 10:45:29",140,45,97.80808,7.6861954,116,4,111,15,1,3,37.256176,-6.064493
1592131649,"2020-06-14 10:47:29",149,43,14.7093315,2,120,3,15,4,1,3,37.255358,-6.064635
1592131709,"2020-06-14 10:48:29",155,43,3,2,123,3,3,4,1,3,37.255087,-6.064509
1592131769,"2020-06-14 10:49:29",165,57,3,2,127,5,3,4,1,3,37.254329,-6.064262
1592131829,"2020-06-14 10:50:29",177,46,3,2,133,4,3,4,1,3,37.253573,-6.064662
1592131889,"2020-06-14 10:51:29",216,48,3,2,152,4,3,4,1,3,37.252965,-6.064544
1592131949,"2020-06-14 10:52:29",215,40,3,2,151,3,3,4,1,3,37.252027,-6.064482
1592132009,"2020-06-14 10:53:29",205,39,3,2,146,3,3,4,1,3,37.251052,-6.064758
1592132069,"2020-06-14 10:54:29",221,40,41.54362,3.3416138,154,3,42,7,1,3,37.250518,-6.064791
1592132129,"2020-06-14 10:55:29",225,39,3,2,156,3,3,4,1,3,37.24953,-6.064986
1592132189,"2020-06-14 10:56:29",237,38,3,2,161,3,3,4,1,3,37.249025,-6.065206
1592132249,"2020-06-14 10:57:29",259,35,3,2,172,3,3,4,1,3,37.2481,-6.065673
1592132309,"2020-06-14 10:58:29",221,39,3,2,154,3,3,4,1,3,37.2481,-6.065139
1592132369,"2020-06-14 10:59:29",145,52,3,2,118,4,3,4,1,3,37.247729,-6.063813
1592132489,"2020-06-14 11:01:29",57,77,3,2,61,6,3,4,1,3,37.247884,-6.064308
1592132549,"2020-06-14 11:02:29",41,95,3,2,48,8,3,4,1,3,37.247161,-6.06438
1592132609,"2020-06-14 11:03:29",56,68,3,2,61,5,3,4,1,3,37.246529,-6.064438
1592132729,"2020-06-14 11:05:29",39,99,91.67789,6.5514326,45,8,107,13,1,3,37.246052,-6.064434
1592132789,"2020-06-14 11:06:29",48,79,3,2,54,6,3,4,1,3,37.245783,-6.064383
1592132849,"2020-06-14 11:07:29",58,78,54.39981,4.214841,62,6,57,8,1,3,37.244967,-6.064456
1592132909,"2020-06-14 11:08:29",68,72,3,2,70,6,3,4,1,3,37.244418,-6.064547
1592133029,"2020-06-14 11:10:29",50,109,28.221445,2.3261566,56,9,28,5,1,3,37.245814,-6.064557
1592133089,"2020-06-14 11:11:29",36,118,4.19225,2,41,9,4,4,1,3,37.246845,-6.064505
1592133149,"2020-06-14 11:12:29",29,129,70.60637,4.236125,31,10,84,8,1,3,37.247568,-6.064465
1592133209,"2020-06-14 11:13:29",23,147,21.167274,2.5683203,22,12,21,5,1,3,37.248001,-6.064521
1592133269,"2020-06-14 11:14:29",25,125,3,2,25,10,3,4,1,3,37.24808,-6.065489
1592133329,"2020-06-14 11:15:29",27,97,90.10395,6.9832487,28,8,106,14,1,3,37.248833,-6.065172
1592133389,"2020-06-14 11:16:29",28,132,51.756268,4.096161,30,11,53,8,1,3,37.24927,-6.065255
1592133449,"2020-06-14 11:17:29",26,137,39.199333,2.843749,27,11,39,6,1,3,37.250353,-6.06454
1592133509,"2020-06-14 11:18:29",31,138,3,2,33,11,3,4,1,3,37.251417,-6.064595
1592133569,"2020-06-14 11:19:29",30,123,3.4716399,2,32,10,3,4,1,3,37.252748,-6.064587
1592133689,"2020-06-14 11:21:29",25,136,8.155978,2,25,11,8,4,1,3,37.253709,-6.064519
1592133749,"2020-06-14 11:22:29",27,142,79.78607,6.5555468,28,11,100,13,1,3,37.254673,-6.064426
1592133809,"2020-06-14 11:23:29",28,150,78.434364,5.1648846,29,12,97,10,1,3,37.255576,-6.064536
1592133869,"2020-06-14 11:24:29",26,163,82.34811,5.7664127,27,13,101,12,1,3,37.256135,-6.06445
1592133929,"2020-06-14 11:25:29",26,166,3,2,27,13,3,4,1,3,37.257302,-6.064278
1592133989,"2020-06-14 11:26:29",30,165,3,2,32,13,3,4,1,3,37.257782,-6.064011
1592134049,"2020-06-14 11:27:29",34,162,165.07997,13.668856,38,13,153,27,2,5,37.259012,-6.063673
1592134109,"2020-06-14 11:28:29",36,159,3,2,40,13,3,4,1,3,37.259399,-6.063563
1592134169,"2020-06-14 11:29:29",33,160,37.974,3.3444433,37,13,38,7,1,3,37.261797,-6.062879
1592134289,"2020-06-14 11:31:29",46,113,3,2,53,9,3,4,1,3,37.26051,-6.062069
1592134349,"2020-06-14 11:32:29",55,139,3,2,60,11,3,4,1,3,37.261719,-6.062842
1592134409,"2020-06-14 11:33:29",49,146,94.49928,7.9425774,55,12,109,16,1,3,37.262439,-6.060914
1592134469,"2020-06-14 11:34:29",36,160,3,2,40,13,3,4,1,3,37.2631,-6.062043
1592134529,"2020-06-14 11:35:29",33,146,3,2,37,12,3,4,1,3,37.263453,-6.061229
1592134589,"2020-06-14 11:36:29",29,159,3,2,30,13,3,4,1,3,37.264604,-6.060348
1592134649,"2020-06-14 11:37:29",29,157,3,2,30,13,3,4,1,3,37.265094,-6.060957
1592134709,"2020-06-14 11:38:29",23,204,26.026714,2,23,16,26,4,1,3,37.26479,-6.060216
1588422830,"2020-05-02 12:33:50",0,92,13.634116,2,0,7,14,4,1,3,37.389154,-5.985604
1588423370,"2020-05-02 12:42:50",10,65,3.102803,2,9,5,3,4,1,3,37.389134,-5.985577
1588425289,"2020-05-02 13:14:49",0,85,3,2,0,7,3,4,1,3,37.389142,-5.98561
1588427449,"2020-05-02 13:50:49",24,151,3,2,24,12,3,4,1,3,37.389159,-5.985606
1588428470,"2020-05-02 14:07:50",17,158,3,2,16,13,3,4,1,3,37.389159,-5.985606
1588428769,"2020-05-02 14:12:49",17,168,3,2,16,13,3,4,1,3,37.389159,-5.985606
1588433090,"2020-05-02 15:24:50",20,165,3,2,19,13,3,4,1,3,37.389143,-5.985612
1588433270,"2020-05-02 15:27:50",21,164,3,2,20,13,3,4,1,3,37.389146,-5.98562
1588434110,"2020-05-02 15:41:50",19,179,3,2,18,14,3,4,1,3,37.389146,-5.98562
1588435490,"2020-05-02 16:04:50",16,177,3,2,15,14,3,4,1,3,37.389146,-5.98562
1588435790,"2020-05-02 16:09:50",17,172,3,2,16,14,3,4,1,3,37.389144,-5.985622
1588436629,"2020-05-02 16:23:49",17,169,3,2,16,14,3,4,1,3,37.389142,-5.985609
1588437050,"2020-05-02 16:30:50",19,168,9.9322605,2,18,13,10,4,1,3,37.38914,-5.985599
1588437350,"2020-05-02 16:35:50",19,167,3,2,18,13,3,4,1,3,37.389153,-5.985594
1588437710,"2020-05-02 16:41:50",20,171,3,2,19,14,3,4,1,3,37.389142,-5.985602
1588438610,"2020-05-02 16:56:50",20,172,3,2,19,14,3,4,1,3,37.389122,-5.985536
1588438910,"2020-05-02 17:01:50",21,175,3,2,19,14,3,4,1,3,37.389144,-5.985602
1588438970,"2020-05-02 17:02:50",19,176,3,2,18,14,3,4,1,3,37.389114,-5.984745
1588439450,"2020-05-02 17:10:50",21,181,3,2,20,14,3,4,1,3,37.389142,-5.985611
1588440410,"2020-05-02 17:26:50",18,181,3,2,17,14,3,4,1,3,37.389143,-5.985613
1588441370,"2020-05-02 17:42:50",0,0,21.00435,2,0,0,21,4,1,3,37.389145,-5.985615
1588443470,"2020-05-02 18:17:50",23,196,3.039061,2,23,16,3,4,1,3,37.389158,-5.98562
1588443831,"2020-05-02 18:23:51",16,187,3,2,15,15,3,4,1,3,37.388892,-5.986339
1588443891,"2020-05-02 18:24:51",20,163,3,2,19,13,3,4,1,3,37.388652,-5.986451
1588444311,"2020-05-02 18:31:51",26,144,3,2,26,12,3,4,1,3,37.384357,-5.986728
1588444371,"2020-05-02 18:32:51",28,133,3,2,30,11,3,4,1,3,37.384487,-5.987587
1588444430,"2020-05-02 18:33:50",29,132,3,2,31,11,3,4,1,3,37.384239,-5.987846
1588444490,"2020-05-02 18:34:50",30,132,3,2,32,11,3,4,1,3,37.383601,-5.988282
1588444670,"2020-05-02 18:37:50",25,146,3,2,25,12,3,4,1,3,37.382663,-5.98796
1588444730,"2020-05-02 18:38:50",27,151,3,2,29,12,3,4,1,3,37.382143,-5.988675
1588444850,"2020-05-02 18:40:50",27,141,3.8689013,2,28,11,4,4,1,3,37.381668,-5.989223
1588444910,"2020-05-02 18:41:50",30,139,4.10464,2,33,11,4,4,1,3,37.381562,-5.989851
1588444970,"2020-05-02 18:42:50",30,131,5.8389263,2,33,10,6,4,1,3,37.381732,-5.990368
1588445390,"2020-05-02 18:49:50",29,128,3,2,31,10,3,4,1,3,37.384273,-5.992365
1588445510,"2020-05-02 18:51:50",0,131,40.38415,3.6052866,0,10,40,7,1,3,37.384619,-5.992426
1588445810,"2020-05-02 18:56:50",0,0,19.465946,2,0,0,19,4,1,3,37.385035,-5.99224
1588446050,"2020-05-02 19:00:50",28,132,4.1289988,2,30,11,4,4,1,3,37.386966,-5.992991
1588446110,"2020-05-02 19:01:50",27,139,3,2,29,11,3,4,1,3,37.387402,-5.993069
1588446230,"2020-05-02 19:03:50",27,133,3,2,29,11,3,4,1,3,37.388208,-5.993454
1588446290,"2020-05-02 19:04:50",29,132,3,2,31,11,3,4,1,3,37.388763,-5.9933
1588446350,"2020-05-02 19:05:50",28,129,3,2,30,10,3,4,1,3,37.389183,-5.993188
1588446410,"2020-05-02 19:06:50",30,136,14.91268,2,33,11,15,4,1,3,37.389496,-5.993141
1588446470,"2020-05-02 19:07:50",28,135,3,2,29,11,3,4,1,3,37.390017,-5.993172
1588446530,"2020-05-02 19:08:50",30,132,8.156822,2,33,11,8,4,1,3,37.390293,-5.993583
1588446710,"2020-05-02 19:11:50",31,132,3,2,33,11,3,4,1,3,37.391399,-5.993469
1588446831,"2020-05-02 19:13:51",29,137,3,2,31,11,3,4,1,3,37.391182,-5.992245
1588446891,"2020-05-02 19:14:51",29,137,3,2,31,11,3,4,1,3,37.391238,-5.99191
1588447371,"2020-05-02 19:22:51",32,138,3,2,36,11,3,4,1,3,37.38969,-5.986979
1588447431,"2020-05-02 19:23:51",31,138,3,2,33,11,3,4,1,3,37.389733,-5.986636
1588447490,"2020-05-02 19:24:50",34,139,3,2,38,11,3,4,1,3,37.389774,-5.986093
1588447550,"2020-05-02 19:25:50",33,136,3,2,37,11,3,4,1,3,37.389374,-5.985662
1588447730,"2020-05-02 19:28:50",34,115,3,2,38,9,3,4,1,3,37.388975,-5.985895
1588875979,"2020-05-07 18:26:19",0,203,27.503456,2.2410307,0,16,28,4,1,3,37.389137,-5.985669
1588876099,"2020-05-07 18:28:19",0,168,3,2,0,13,3,4,1,3,37.389417,-5.985398
1588876279,"2020-05-07 18:31:19",0,132,3,2,0,11,3,4,1,3,37.389451,-5.984387
1588877538,"2020-05-07 18:52:18",0,111,20.510025,3.803751,0,9,21,8,1,3,37.380391,-5.981251
1588877598,"2020-05-07 18:53:18",63,118,5.658596,2,66,9,6,4,1,3,37.381258,-5.981633
1588877658,"2020-05-07 18:54:18",64,120,3,2,67,10,3,4,1,3,37.381284,-5.982188
1588877718,"2020-05-07 18:55:18",62,108,13.220678,2,65,9,13,4,1,3,37.381716,-5.982867
1588877778,"2020-05-07 18:56:18",64,112,12.598611,2,67,9,13,4,1,3,37.382017,-5.982956
1588877898,"2020-05-07 18:58:18",61,115,3,2,65,9,3,4,1,3,37.382596,-5.983648
1588878018,"2020-05-07 19:00:18",0,103,51.259117,3.947421,0,8,52,8,1,3,37.384069,-5.984067
1588878079,"2020-05-07 19:01:19",0,0,3,2,0,0,3,4,1,3,37.384403,-5.984154
1588878139,"2020-05-07 19:02:19",0,110,3,2,0,9,3,4,1,3,37.384721,-5.984016
1588878199,"2020-05-07 19:03:19",0,101,9.199528,2,0,8,9,4,1,3,37.38541,-5.983917
1588878259,"2020-05-07 19:04:19",0,86,19.792366,2.153679,0,7,20,4,1,3,37.385813,-5.983645
1588878319,"2020-05-07 19:05:19",0,86,36.93524,4.145933,0,7,37,8,1,3,37.386578,-5.98369
1588878379,"2020-05-07 19:06:19",0,95,6.3845243,2,0,8,6,4,1,3,37.386689,-5.984343
1588878799,"2020-05-07 19:13:19",0,93,3,2,0,7,3,4,1,3,37.389146,-5.985672
1588879099,"2020-05-07 19:18:19",0,128,5.333523,2,0,10,5,4,1,3,37.389162,-5.985627
1588879159,"2020-05-07 19:19:19",0,128,48.850082,6.8461514,0,10,49,14,1,3,37.389063,-5.98551
1588880059,"2020-05-07 19:34:19",0,140,87.64804,6.8009386,0,11,105,14,1,3,37.389153,-5.985621
1588881079,"2020-05-07 19:51:19",0,145,3,2,0,12,3,4,1,3,37.389153,-5.985621
1588881439,"2020-05-07 19:57:19",0,149,5.493913,2,0,12,5,4,1,3,37.389153,-5.985621
1592122289,"2020-06-14 08:11:29",0,527,3,2,0,40,3,4,1,3,37.379366,-6.040404
1592123789,"2020-06-14 08:36:29",2,183,27.612423,2.0096483,1,15,28,4,1,3,37.380114,-6.040778
1592123849,"2020-06-14 08:37:29",5,244,32.285187,3.2039223,5,20,32,6,1,3,37.379045,-6.040364
1592123909,"2020-06-14 08:38:29",10,171,3,2,10,14,3,4,1,3,37.379544,-6.040908
1592123969,"2020-06-14 08:39:29",12,161,128.01555,13.13097,12,13,130,26,2,5,37.379786,-6.040892
1592124029,"2020-06-14 08:40:29",8,186,17.986622,2,7,15,18,4,1,3,37.378489,-6.041233
1592124089,"2020-06-14 08:41:29",6,199,3,2,6,16,3,4,1,3,37.38051,-6.036032
1592124149,"2020-06-14 08:42:29",7,184,4.243139,2,7,15,4,4,1,3,37.37728,-6.032007
1592124209,"2020-06-14 08:43:29",8,178,3,2,8,14,3,4,1,3,37.376338,-6.026731
1592124269,"2020-06-14 08:44:29",7,182,3,2,7,15,3,4,1,3,37.372763,-6.02822
1592124329,"2020-06-14 08:45:29",7,181,4.5989466,2,7,14,5,4,1,3,37.363652,-6.025053
1592124389,"2020-06-14 08:46:29",6,181,3,2,6,14,3,4,1,3,37.362372,-6.025494
1592124449,"2020-06-14 08:47:29",4,200,3,2,4,16,3,4,1,3,37.361391,-6.026226
1592124509,"2020-06-14 08:48:29",4,182,3,2,4,15,3,4,1,3,37.355783,-6.026694
1592124569,"2020-06-14 08:49:29",4,178,3.611763,2.041316,4,14,4,4,1,3,37.355161,-6.024416
1592124629,"2020-06-14 08:50:29",5,165,3,2,5,13,3,4,1,3,37.347565,-6.026423
1592124689,"2020-06-14 08:51:29",3,185,3,2,3,15,3,4,1,3,37.339051,-6.024455
1592124749,"2020-06-14 08:52:29",4,181,3,2,4,14,3,4,1,3,37.331955,-6.027066
1592124809,"2020-06-14 08:53:29",6,166,4.0221343,2.1030235,6,13,4,4,1,3,37.325913,-6.028816
1592124869,"2020-06-14 08:54:29",6,153,50.293053,4.223301,6,12,50,8,1,3,37.325017,-6.054187
1592124929,"2020-06-14 08:55:29",6,172,3,2,5,14,3,4,1,3,37.30756,-6.039451
1592124989,"2020-06-14 08:56:29",3,191,3,2,3,15,3,4,1,3,37.296509,-6.054271
1592125049,"2020-06-14 08:57:29",2,192,3,2,2,15,3,4,1,3,37.29206,-6.059203
1592125109,"2020-06-14 08:58:29",3,199,3,2,3,16,3,4,1,3,37.287622,-6.06166
1592125169,"2020-06-14 08:59:29",2,210,3,2,2,17,3,4,1,3,37.277315,-6.06272
1592125229,"2020-06-14 09:00:29",2,215,17.911129,2.0224886,2,17,18,4,1,3,37.270136,-6.064221
1592125289,"2020-06-14 09:01:29",0,224,3,2,0,18,3,4,1,3,37.267151,-6.065139
1592125349,"2020-06-14 09:02:29",0,212,3,2,0,17,3,4,1,3,37.266653,-6.062912
1592125409,"2020-06-14 09:03:29",0,209,3,2,0,17,3,4,1,3,37.265665,-6.062575
1592125469,"2020-06-14 09:04:29",3,155,14.792101,2,3,12,15,4,1,3,37.264395,-6.060791
1592125529,"2020-06-14 09:05:29",1,169,3,2,1,14,3,4,1,3,37.264834,-6.060129
1592125589,"2020-06-14 09:06:29",0,201,29.623722,2,0,16,30,4,1,3,37.265058,-6.060457
1592125649,"2020-06-14 09:07:29",5,141,3,2,4,11,3,4,1,3,37.264911,-6.059978
1592125709,"2020-06-14 09:08:29",5,161,22.38424,2,4,13,22,4,1,3,37.265792,-6.059547
1592125769,"2020-06-14 09:09:29",7,128,91.81651,4.6408997,7,10,107,9,1,3,37.266927,-6.060119
1592125829,"2020-06-14 09:10:29",12,128,48.37907,3.3039255,11,10,48,7,1,3,37.267704,-6.058848
1592125889,"2020-06-14 09:11:29",13,117,3,2,13,9,3,4,1,3,37.267981,-6.059811
1592125949,"2020-06-14 09:12:29",14,116,39.777107,2.7865906,14,9,40,6,1,3,37.268507,-6.058184
1592126009,"2020-06-14 09:13:29",18,109,25.091322,2.2620754,17,9,25,5,1,3,37.269764,-6.057469
1592126069,"2020-06-14 09:14:29",21,125,35.729935,3.006977,19,10,36,6,1,3,37.270236,-6.056905
1592126129,"2020-06-14 09:15:29",22,116,5.5980387,2,20,9,6,4,1,3,37.270781,-6.056392
1592126189,"2020-06-14 09:16:29",23,101,8.046911,2,23,8,8,4,1,3,37.271414,-6.056266
1592126249,"2020-06-14 09:17:29",28,83,73.719864,4.3856583,29,7,90,9,1,3,37.272719,-6.05546
1592126309,"2020-06-14 09:18:29",30,90,50.617756,2.746375,33,7,51,5,1,3,37.273136,-6.054734
1592126369,"2020-06-14 09:19:29",30,83,3,2,32,7,3,4,1,3,37.27363,-6.054321
1592126429,"2020-06-14 09:20:29",31,80,3.2191648,2,33,6,3,4,1,3,37.274682,-6.054179
1592126489,"2020-06-14 09:21:29",28,85,3,2,30,7,3,4,1,3,37.275086,-6.053831
1592126549,"2020-06-14 09:22:29",28,87,5.7815733,2,30,7,6,4,1,3,37.276377,-6.053241
1592126609,"2020-06-14 09:23:29",29,83,16.731413,2.1053123,31,7,17,4,1,3,37.276738,-6.052774
1592126669,"2020-06-14 09:24:29",31,78,43.54845,3.509345,33,6,44,7,1,3,37.277996,-6.052496
1592126729,"2020-06-14 09:25:29",31,78,3,2,33,6,3,4,1,3,37.278705,-6.052538
1592126789,"2020-06-14 09:26:29",29,79,3,2,31,6,3,4,1,3,37.279159,-6.052322
1592126849,"2020-06-14 09:27:29",28,78,3,2,30,6,3,4,1,3,37.279226,-6.051415
1592126909,"2020-06-14 09:28:29",31,75,3,2,33,6,3,4,1,3,37.279732,-6.050923
1592126969,"2020-06-14 09:29:29",29,89,25.312325,2.3340425,31,7,25,5,1,3,37.28015,-6.050636
1592127029,"2020-06-14 09:30:29",25,95,16.950493,2,26,8,17,4,1,3,37.28087,-6.050066
1592127089,"2020-06-14 09:31:29",25,95,3,2,26,8,3,4,1,3,37.28191,-6.049499
1592127149,"2020-06-14 09:32:29",24,90,6.232644,2,24,7,6,4,1,3,37.282598,-6.049071
1592127209,"2020-06-14 09:33:29",25,89,4.1275887,2,26,7,4,4,1,3,37.283774,-6.04923
1592127269,"2020-06-14 09:34:29",24,96,63.944103,5.4183197,24,8,73,11,1,3,37.283357,-6.049192
1592127329,"2020-06-14 09:35:29",29,90,3,2,30,7,3,4,1,3,37.2851,-6.049137
1592127389,"2020-06-14 09:36:29",29,92,3,2,30,7,3,4,1,3,37.285402,-6.048682
1592127449,"2020-06-14 09:37:29",27,95,90.683235,7.4417667,28,8,107,15,1,3,37.286704,-6.04842
1592127509,"2020-06-14 09:38:29",24,104,7.5356927,2,24,8,8,4,1,3,37.287682,-6.048296
1592127569,"2020-06-14 09:39:29",24,101,8.349967,2,24,8,8,4,1,3,37.288491,-6.047911
1592127629,"2020-06-14 09:40:29",24,104,3,2,24,8,3,4,1,3,37.289615,-6.047615
1592127689,"2020-06-14 09:41:29",21,104,21.703037,2,19,8,22,4,1,3,37.290039,-6.047522
1592127749,"2020-06-14 09:42:29",22,108,3,2,20,9,3,4,1,3,37.290837,-6.047337
1592127809,"2020-06-14 09:43:29",23,104,57.7412,3.6824837,23,8,63,7,1,3,37.290156,-6.047356
1592127869,"2020-06-14 09:44:29",23,96,3,2,23,8,3,4,1,3,37.292895,-6.046651
1592127929,"2020-06-14 09:45:29",23,111,70.10003,5.3973465,23,9,84,11,1,3,37.293618,-6.04646
1592127989,"2020-06-14 09:46:29",22,124,41.122322,2.7277794,21,10,41,5,1,3,37.294321,-6.045689
1592128049,"2020-06-14 09:47:29",21,116,11.304362,2,20,9,11,4,1,3,37.29461,-6.045573
1592128109,"2020-06-14 09:48:29",23,113,3,2,23,9,3,4,1,3,37.294351,-6.045961
1592128229,"2020-06-14 09:50:29",37,78,40.3097,2.1465569,43,6,40,4,1,3,37.2942,-6.045961
1592128289,"2020-06-14 09:51:29",0,64,55.17407,3.8481636,0,5,59,8,1,3,37.291187,-6.046561
1592128349,"2020-06-14 09:52:29",56,57,5.711361,2,61,5,6,4,1,3,37.293107,-6.046163
1592128409,"2020-06-14 09:53:29",62,58,19.583555,2,65,5,20,4,1,3,37.291839,-6.046913
1592128529,"2020-06-14 09:55:29",93,50,25.702793,2.0251951,90,4,26,4,1,3,37.29055,-6.047328
1592128589,"2020-06-14 09:56:29",97,49,29.84066,2.0371675,93,4,30,4,1,3,37.290389,-6.047014
1592128649,"2020-06-14 09:57:29",100,50,3,2,95,4,3,4,1,3,37.289007,-6.047753
1592128709,"2020-06-14 09:58:29",0,0,9.353737,2,0,0,9,4,1,3,37.288481,-6.047948
1592128769,"2020-06-14 09:59:29",69,0,3,2,70,0,3,4,1,3,37.287745,-6.048086
1592128829,"2020-06-14 10:00:29",69,56,28.879496,2,70,4,29,4,1,3,37.286833,-6.048403
1592128889,"2020-06-14 10:01:29",0,52,3,2,0,4,3,4,1,3,37.286105,-6.048548
1592128949,"2020-06-14 10:02:29",70,48,3,2,72,4,3,4,1,3,37.285197,-6.049103
1592129009,"2020-06-14 10:03:29",79,46,18.814983,2,78,4,19,4,1,3,37.283976,-6.046759
1592129069,"2020-06-14 10:04:29",92,49,3,2,89,4,3,4,1,3,37.284128,-6.048587
1592129129,"2020-06-14 10:05:29",79,49,47.37254,3.085822,78,4,47,6,1,3,37.282948,-6.049655
1592129189,"2020-06-14 10:06:29",86,48,3,2,84,4,3,4,1,3,37.282553,-6.049859
1592129249,"2020-06-14 10:07:29",95,50,3,2,91,4,3,4,1,3,37.28162,-6.04952
1592129309,"2020-06-14 10:08:29",103,50,3,2,97,4,3,4,1,3,37.28025,-6.050446
1592129369,"2020-06-14 10:09:29",104,46,18.340471,2,98,4,18,4,1,3,37.279533,-6.051126
1592129429,"2020-06-14 10:10:29",0,48,3,2,0,4,3,4,1,3,37.279834,-6.050813
1592129489,"2020-06-14 10:11:29",0,46,12.801331,2,0,4,13,4,1,3,37.279269,-6.052206
1592129549,"2020-06-14 10:12:29",49,50,105.90422,7.2864513,55,4,116,15,1,3,37.27901,-6.052391
1592129609,"2020-06-14 10:13:29",0,64,3,2,0,5,3,4,1,3,37.278658,-6.052435
1592129669,"2020-06-14 10:14:29",69,49,3,2,71,4,3,4,1,3,37.277415,-6.052358
1592129729,"2020-06-14 10:15:29",114,46,4.882458,2,104,4,5,4,1,3,37.276542,-6.052913
1592129789,"2020-06-14 10:16:29",89,53,3,2,87,4,3,4,1,3,37.276163,-6.053227
1592129849,"2020-06-14 10:17:29",59,57,3,2,63,5,3,4,1,3,37.275429,-6.053675
1592129909,"2020-06-14 10:18:29",55,59,3,2,59,5,3,4,1,3,37.274301,-6.054307
1592129969,"2020-06-14 10:19:29",50,61,7.731028,2,56,5,8,4,1,3,37.274091,-6.054534
1592130029,"2020-06-14 10:20:29",59,50,126.766014,11.721004,63,4,129,23,2,5,37.273291,-6.054523
1592130089,"2020-06-14 10:21:29",68,52,13.903837,2,70,4,14,4,1,3,37.271679,-6.056061
1592130209,"2020-06-14 10:23:29",56,63,125.09921,10.314415,60,5,128,21,1,3,37.27099,-6.05624
1592130269,"2020-06-14 10:24:29",62,52,3,2,65,4,3,4,1,3,37.270284,-6.056786
1592130329,"2020-06-14 10:25:29",64,61,30.552097,2.6523428,67,5,31,5,1,3,37.269603,-6.059203
1592130389,"2020-06-14 10:26:29",50,61,3,2,56,5,3,4,1,3,37.26769,-6.05987
1592130449,"2020-06-14 10:27:29",46,55,17.099655,2,53,4,17,4,1,3,37.268422,-6.058249
1592130509,"2020-06-14 10:28:29",43,68,50.7337,4.48363,50,5,51,9,1,3,37.267908,-6.059668
1592130569,"2020-06-14 10:29:29",58,52,3,2,62,4,3,4,1,3,37.267702,-6.058598
1592130629,"2020-06-14 10:30:29",62,57,69.43559,3.9702854,65,5,82,8,1,3,37.266153,-6.059038
1592130689,"2020-06-14 10:31:29",63,57,27.325256,2,66,5,27,4,1,3,37.265815,-6.059716
1592130749,"2020-06-14 10:32:29",58,58,66.35337,5.4003124,62,5,77,11,1,3,37.264825,-6.059943
1592130809,"2020-06-14 10:33:29",53,63,19.370703,2,58,5,19,4,1,3,37.264604,-6.060346
1592130869,"2020-06-14 10:34:29",65,49,10.716121,2,68,4,11,4,1,3,37.263541,-6.060781
1592130929,"2020-06-14 10:35:29",99,49,3,2,94,4,3,4,1,3,37.263013,-6.060729
1592130989,"2020-06-14 10:36:29",133,45,10.498478,2,113,4,10,4,1,3,37.262012,-6.061178
1592131049,"2020-06-14 10:37:29",145,44,3,2,118,4,3,4,1,3,37.261572,-6.061199
1592131109,"2020-06-14 10:38:29",120,44,32.51396,2.4658184,107,4,33,5,1,3,37.26074,-6.06169
1592131169,"2020-06-14 10:39:29",90,50,3,2,87,4,3,4,1,3,37.260438,-6.062221
1592131229,"2020-06-14 10:40:29",56,60,16.751835,2,60,5,17,4,1,3,37.260237,-6.063409
1592131289,"2020-06-14 10:41:29",45,53,3,2,52,4,3,4,1,3,37.259733,-6.063589
1592131349,"2020-06-14 10:42:29",88,46,3,2,86,4,3,4,1,3,37.259177,-6.063675
1592131409,"2020-06-14 10:43:29",136,46,3,2,114,4,3,4,1,3,37.258654,-6.063806
1592131469,"2020-06-14 10:44:29",146,51,3,2,119,4,3,4,1,3,37.257813,-6.064135
1592131529,"2020-06-14 10:45:29",140,45,97.80808,7.6861954,116,4,111,15,1,3,37.256176,-6.064493
1592131649,"2020-06-14 10:47:29",149,43,14.7093315,2,120,3,15,4,1,3,37.255358,-6.064635
1592131709,"2020-06-14 10:48:29",155,43,3,2,123,3,3,4,1,3,37.255087,-6.064509
1592131769,"2020-06-14 10:49:29",165,57,3,2,127,5,3,4,1,3,37.254329,-6.064262
1592131829,"2020-06-14 10:50:29",177,46,3,2,133,4,3,4,1,3,37.253573,-6.064662
1592131889,"2020-06-14 10:51:29",216,48,3,2,152,4,3,4,1,3,37.252965,-6.064544
1592131949,"2020-06-14 10:52:29",215,40,3,2,151,3,3,4,1,3,37.252027,-6.064482
1592132009,"2020-06-14 10:53:29",205,39,3,2,146,3,3,4,1,3,37.251052,-6.064758
1592132069,"2020-06-14 10:54:29",221,40,41.54362,3.3416138,154,3,42,7,1,3,37.250518,-6.064791
1592132129,"2020-06-14 10:55:29",225,39,3,2,156,3,3,4,1,3,37.24953,-6.064986
1592132189,"2020-06-14 10:56:29",237,38,3,2,161,3,3,4,1,3,37.249025,-6.065206
1592132249,"2020-06-14 10:57:29",259,35,3,2,172,3,3,4,1,3,37.2481,-6.065673
1592132309,"2020-06-14 10:58:29",221,39,3,2,154,3,3,4,1,3,37.2481,-6.065139
1592132369,"2020-06-14 10:59:29",145,52,3,2,118,4,3,4,1,3,37.247729,-6.063813
1592132489,"2020-06-14 11:01:29",57,77,3,2,61,6,3,4,1,3,37.247884,-6.064308
1592132549,"2020-06-14 11:02:29",41,95,3,2,48,8,3,4,1,3,37.247161,-6.06438
1592132609,"2020-06-14 11:03:29",56,68,3,2,61,5,3,4,1,3,37.246529,-6.064438
1592132729,"2020-06-14 11:05:29",39,99,91.67789,6.5514326,45,8,107,13,1,3,37.246052,-6.064434
1592132789,"2020-06-14 11:06:29",48,79,3,2,54,6,3,4,1,3,37.245783,-6.064383
1592132849,"2020-06-14 11:07:29",58,78,54.39981,4.214841,62,6,57,8,1,3,37.244967,-6.064456
1592132909,"2020-06-14 11:08:29",68,72,3,2,70,6,3,4,1,3,37.244418,-6.064547
1592133029,"2020-06-14 11:10:29",50,109,28.221445,2.3261566,56,9,28,5,1,3,37.245814,-6.064557
1592133089,"2020-06-14 11:11:29",36,118,4.19225,2,41,9,4,4,1,3,37.246845,-6.064505
1592133149,"2020-06-14 11:12:29",29,129,70.60637,4.236125,31,10,84,8,1,3,37.247568,-6.064465
1592133209,"2020-06-14 11:13:29",23,147,21.167274,2.5683203,22,12,21,5,1,3,37.248001,-6.064521
1592133269,"2020-06-14 11:14:29",25,125,3,2,25,10,3,4,1,3,37.24808,-6.065489
1592133329,"2020-06-14 11:15:29",27,97,90.10395,6.9832487,28,8,106,14,1,3,37.248833,-6.065172
1592133389,"2020-06-14 11:16:29",28,132,51.756268,4.096161,30,11,53,8,1,3,37.24927,-6.065255
1592133449,"2020-06-14 11:17:29",26,137,39.199333,2.843749,27,11,39,6,1,3,37.250353,-6.06454
1592133509,"2020-06-14 11:18:29",31,138,3,2,33,11,3,4,1,3,37.251417,-6.064595
1592133569,"2020-06-14 11:19:29",30,123,3.4716399,2,32,10,3,4,1,3,37.252748,-6.064587
1592133689,"2020-06-14 11:21:29",25,136,8.155978,2,25,11,8,4,1,3,37.253709,-6.064519
1592133749,"2020-06-14 11:22:29",27,142,79.78607,6.5555468,28,11,100,13,1,3,37.254673,-6.064426
1592133809,"2020-06-14 11:23:29",28,150,78.434364,5.1648846,29,12,97,10,1,3,37.255576,-6.064536
1592133869,"2020-06-14 11:24:29",26,163,82.34811,5.7664127,27,13,101,12,1,3,37.256135,-6.06445
1592133929,"2020-06-14 11:25:29",26,166,3,2,27,13,3,4,1,3,37.257302,-6.064278
1592133989,"2020-06-14 11:26:29",30,165,3,2,32,13,3,4,1,3,37.257782,-6.064011
1592134049,"2020-06-14 11:27:29",34,162,165.07997,13.668856,38,13,153,27,2,5,37.259012,-6.063673
1592134109,"2020-06-14 11:28:29",36,159,3,2,40,13,3,4,1,3,37.259399,-6.063563
1592134169,"2020-06-14 11:29:29",33,160,37.974,3.3444433,37,13,38,7,1,3,37.261797,-6.062879
1592134289,"2020-06-14 11:31:29",46,113,3,2,53,9,3,4,1,3,37.26051,-6.062069
1592134349,"2020-06-14 11:32:29",55,139,3,2,60,11,3,4,1,3,37.261719,-6.062842
1592134409,"2020-06-14 11:33:29",49,146,94.49928,7.9425774,55,12,109,16,1,3,37.262439,-6.060914
1592134469,"2020-06-14 11:34:29",36,160,3,2,40,13,3,4,1,3,37.2631,-6.062043
1592134529,"2020-06-14 11:35:29",33,146,3,2,37,12,3,4,1,3,37.263453,-6.061229
1592134589,"2020-06-14 11:36:29",29,159,3,2,30,13,3,4,1,3,37.264604,-6.060348
1592134649,"2020-06-14 11:37:29",29,157,3,2,30,13,3,4,1,3,37.265094,-6.060957
1592134709,"2020-06-14 11:38:29",23,204,26.026714,2,23,16,26,4,1,3,37.26479,-6.060216
1605225760,"2020-11-13 00:02:40",0,158,26.04147,25.04147,0,13,26,50,24,60,37.360585,-5.979019
1605226060,"2020-11-13 00:07:40",0,159,24.770447,23.770447,0,13,25,48,20,50,37.360585,-5.979019
1605226420,"2020-11-13 00:13:40",0,160,20.816164,19.816164,0,13,21,40,19,47,37.360585,-5.979019
1605227500,"2020-11-13 00:31:40",0,160,17.572012,16.572012,0,13,18,33,16,39,37.360585,-5.979019
1605228400,"2020-11-13 00:46:40",0,157,13.394226,12.394226,0,13,13,25,11,28,37.360585,-5.979019
1605229000,"2020-11-13 00:56:40",0,158,7.6052485,6.6052485,0,13,8,13,6,14,37.360585,-5.979019
1605229960,"2020-11-13 01:12:40",0,162,6.4109206,5.4109206,0,13,6,11,4,11,37.360585,-5.979019
1605231100,"2020-11-13 01:31:40",0,157,5.0372148,4.0372148,0,13,5,8,3,8,37.360585,-5.979019
1605231640,"2020-11-13 01:40:40",0,155,8.990707,7.990708,0,12,9,16,7,17,37.360585,-5.979019
1605233320,"2020-11-13 02:08:40",0,159,4.4732604,3.4732604,0,13,4,7,2,6,37.360585,-5.979019
1605234820,"2020-11-13 02:33:40",0,156,3,2,0,12,3,4,1,3,37.36047,-5.979465
1605236621,"2020-11-13 03:03:41",0,157,3,2,0,13,3,4,1,3,37.36047,-5.979465
1605238780,"2020-11-13 03:39:40",0,156,3,2,0,12,3,4,1,3,37.36047,-5.979465
1605241120,"2020-11-13 04:18:40",0,158,3,2,0,13,3,4,1,3,37.36047,-5.979465
1605242921,"2020-11-13 04:48:41",0,159,3,2,0,13,3,4,1,3,37.36047,-5.979465
1605244001,"2020-11-13 05:06:41",1,156,12.148528,2,1,12,12,4,1,3,37.36047,-5.979465
1605245500,"2020-11-13 05:31:40",1,157,3,2,1,13,3,4,1,3,37.36047,-5.979465
1605246101,"2020-11-13 05:41:41",0,159,3,2,0,13,3,4,1,3,37.36047,-5.979465
1605247841,"2020-11-13 06:10:41",1,158,3,2,0,13,3,4,1,3,37.36047,-5.979465
1605249821,"2020-11-13 06:43:41",0,156,3,2,0,12,3,4,1,3,37.36047,-5.979465
1605253241,"2020-11-13 07:40:41",0,162,3,2,0,13,3,4,1,3,37.36047,-5.979465
1605255041,"2020-11-13 08:10:41",0,157,3,2,0,13,3,4,1,3,37.36047,-5.979465
1605256781,"2020-11-13 08:39:41",0,157,3,2,0,13,3,4,1,3,37.36047,-5.979465
1605257561,"2020-11-13 08:52:41",0,158,3,2,0,13,3,4,1,3,37.36047,-5.979465
1605258161,"2020-11-13 09:02:41",0,158,3,2,0,13,3,4,1,3,37.360474,-5.979479
1605258820,"2020-11-13 09:13:40",7,150,3,2,6,12,3,4,1,3,37.360474,-5.979515
1605258999,"2020-11-13 09:16:39",9,149,3,2,9,12,3,4,1,3,37.360474,-5.979515
1605259181,"2020-11-13 09:19:41",0,0,3,2,0,0,3,4,1,3,37.360474,-5.979515
1605260979,"2020-11-13 09:49:39",16,0,3,2,15,0,3,4,1,3,37.360489,-5.979559
1605261760,"2020-11-13 10:02:40",16,138,3,2,15,11,3,4,1,3,37.36048,-5.979259
1605262001,"2020-11-13 10:06:41",17,141,3,2,16,11,3,4,1,3,37.36048,-5.979259
1605262481,"2020-11-13 10:14:41",17,140,3.1334183,2,16,11,3,4,1,3,37.36048,-5.979259
1605263261,"2020-11-13 10:27:41",16,139,3,2,15,11,3,4,1,3,37.36048,-5.979259
1605263740,"2020-11-13 10:35:40",0,0,3,2,0,0,3,4,1,3,37.3605,-5.979444
1605264221,"2020-11-13 10:43:41",16,138,3,2,15,11,3,4,1,3,37.360496,-5.979435
1605265000,"2020-11-13 10:56:40",17,137,3,2,16,11,3,4,1,3,37.360481,-5.979539
1605266261,"2020-11-13 11:17:41",23,122,3,2,23,10,3,4,1,3,37.360482,-5.979497
1605266857,"2020-11-13 11:27:37",23,122,3,2,23,10,3,4,1,3,37.360488,-5.979524
1605267938,"2020-11-13 11:45:38",24,122,3,2,24,10,3,4,1,3,37.360488,-5.979524
1605268301,"2020-11-13 11:51:41",25,123,13.286221,2,25,10,13,4,1,3,37.360488,-5.979524
1605268480,"2020-11-13 11:54:40",23,127,3,2,22,10,3,4,1,3,37.360488,-5.979524
1605269141,"2020-11-13 12:05:41",23,129,3,2,22,10,3,4,1,3,37.360495,-5.979465
1605270101,"2020-11-13 12:21:41",0,133,3,2,0,11,3,4,1,3,37.360485,-5.979406
1605270460,"2020-11-13 12:27:40",0,135,3,2,0,11,3,4,1,3,37.360174,-5.979224
1605271600,"2020-11-13 12:46:40",25,139,3,2,26,11,3,4,1,3,37.360392,-5.979429
1605272321,"2020-11-13 12:58:41",28,133,3,2,29,11,3,4,1,3,37.360392,-5.979429
1605272921,"2020-11-13 13:08:41",30,130,3,2,33,10,3,4,1,3,37.360392,-5.979429
1605273460,"2020-11-13 13:17:40",28,127,68.66728,3.1149216,30,10,81,6,1,3,37.360392,-5.979429
